SHOP,APPAREL1,APPAREL2,SHOE,ACCESSORIES,BEAUTY,MORE
Shop for,Athletic Clothing,Dresses,Athletic,Backpacks,Perfume,more..
Shop,Clothing,Jackets,Athletic-Inspired,Bags,Haircare,and more.
Buy the latest,Formalwear,Blazers,Booties,Belts,Skin Care,more
Buy the ,Intimates,Hoodies,Boots,Bracelets,Makeup,& more
You want buy,Jumpsuits,Maternity,Flats,Earrings,Bath & Shower,& more.
You're looking for,Loungewear,Shirts,Heels,Eyeglasses,,and more
This product item,Outerwear,Tops,Loafers,Fashion Jewelry,,
If you want buy,Pants,Vests,Slippers,Fine Jewelry,,
Pins about ,Petites,Sportcoats,Oxfords,Gloves,,
You're a buy,Plus Size,Sweaters,Sandals,Handbags,,
Check New Price,Rompers,,Shoes,Hats,,
Looking for ,Shorts,,Slip-ons,Jewelry,,
This product item,Skirts,,Specialty Shoes,Jewelry Sets,,
,Suit Separates,,Wedges,Laptop Cases,,
,Suits,,,Money Clips,,
,Swim,,,Necklaces,,
,Swimwear,,,Rings,,
,Underwear,,,Scarves,,
,,,,Sunglasses,,
,,,,Ties,,
,,,,Wallets,,
,,,,Watches,,
,,,,Wraps,,
