SHOP,ELECTRONICS,APPLIANCES,ACCESSORIES,HOMEIMP,DECOR,FURNITURE1,FURNITURE2,OFFICE,POWERTOOLS,HANDTOOLS,CORDLESS,MORE
Shop for,Televisions,Coffee Makers,Laundry Accessories,Lighting,Area Rugs,Sofas,Cabinets,Office Supplies,Saws,Tool Sets,Cordless Tool Sets,more..
Shop,Speakers,Specialty Appliances,Hanging Racks,Hardware,Lighting,Loveseats,Kitchen Carts,Paper Shredders,Drills,Wrenches,Cordless Drills,and more.
Buy the latest,Home Theater,Toasters,Hangers,Fans,Window Treatments,Living Room Chairs,Pantry Racks,Calculators,Power Tools,Hammers,Other Cordless Power Tools,more
Buy the ,Stereos,Ovens,Ironing Boards,Sinks,Decorative Accessories,Living Room Sets,Shelves,Security Safes,Welding,Screwdrivers,Batteries & Chargers,& more
You want buy,Car Audio,Mixers,Storage Bins,Faucet,Slipcovers,Benches,Pot Racks,Voice Recorders,Power Tool Accessories,Cutting Tools,Cordless Tool Accessories,& more.
You're looking for,MP3 Players,Food Processors,Containers,Utility Sinks,Collectibles,Bookshelves,Coffee Tables,Fax Machines,Sanders,Electrical Hand Tools,Cordless Nailers,and more
This product item,Portable DVD,Refrigerators,Clothing Organizers,Sink Accessories,Futon Covers,Sectional Sofas,Dining Sets,Label Printers,Polishers,Pliers,Cordless Sanders & Polishers,
If you want buy,Clock Radios,Blenders,Trash Cans,Bar Sinks,Ceiling Fans,Futons,Dining Chairs,,Nailers,Hand Tool Accessories,Cordless Routers,
Pins about ,DJ Equipment,Microwaves,Storage Boxes,Drains,Mirrors,Bean-Lounge Bags,Dining Tables,,Power Tool Sets,Clamps,,
You're a buy,Projectors,Ranges,Cabinet Hardware,Strainers,Accent Pieces,Beds,Buffets,,Rotary Tools,Chisels,,
Check New Price,Video Players,Cooktops,Door Hardware,Soap Dispensers,Throw Pillows,Nightstands,Bar Stools,,Grinders,Paintbrushes,,
Looking for ,Weather Instruments,Burners,Other Hardware,Hot/Cold Water Dispensers,Vases,Bedside Tables,Bars,,Planers,Rollers,,
This product item,Air Conditioners,Slowcookers,Drawer Hardware,Shower Kits,Indoor Fireplaces,Bedroom Sets,Bar Tables,,Heat Guns,Hand Tools,,
,Air Purifiers,Dishwashers,Mailboxes,Showerheads,Clocks,Headboards,Pub Sets,,Chainsaws,Tool Boxes,,
,Water Filters,Freezers,Appliance Pulls,Massage Panels,Photo Frames - Albums,Mattresses,,,,,,
,Fans,Ice Machines,Signs,Backsplash Tiles,Silk Plants,Armoires,,,,,,
,Heaters,Juicers,Address Plaques,Wall Tiles,Candles Holders,Wardrobes,,,,,,
,Vacuum Cleaners,Rice Cookers,,Floor Tiles,Statues,Bed Frames,,,,,,
,Steam Cleaners,Beverage Dispensers ,,Other Tiles,Sculptures,Air Beds,,,,,,
,Washers-Dryers,Coolers,,Decorative Tiles,Baskets,Desks,,,,,,
,Irons,Waffle Makers,,Ceiling Tiles,Bowls,Office Storage,,,,,,
,,Electric Tea Kettles,,Hardwood Flooring,Seasonal Decor,Office Chairs,,,,,,
,,Electric Grills,,Tile,Decorative Screens,File Cabinets,,,,,,
,,Fryers,,Stone,Decorative Trunks,Tables,,,,,,
,,Espresso Machines,,Laminate Flooring,Tapestries,Cribs,,,,,,
,,Wine Coolers,,Carpeting,Door Mats,Gliders,,,,,,
,,Popcorn Poppers,,Cork Flooring,Wreaths,Changing Tables,,,,,,
,,,,Vinyl Flooring,Indoor Fountains,Bassinets,,,,,,
,,,,Flooring Accessories,Message Boards,Cradles,,,,,,
,,,,Garage Flooring,Ornaments,,,,,,,
,,,,Bamboo Flooring,Swords,,,,,,,
,,,,Vents,,,,,,,,
,,,,Wallpaper,,,,,,,,
,,,,Wall Paneling,,,,,,,,
,,,,Other Wall Coverings,,,,,,,,
,,,,Molding,,,,,,,,
,,,,Paint,,,,,,,,
