SHOP,ELECTRONICS,APPLIANCES,DECOR,FURNITURE,OFFICE,GARDEN,MORE
Shop for,Televisions,Coffee Makers,Area Rugs,Sofas,Office Supplies,Outdoor living,more..
Shop,Speakers,Specialty Appliances,Lighting,Loveseats,Paper Shredders,Sheds,and more.
Buy the latest,Home Theater,Toasters,Window Treatments,Coffee Tables,Calculators,Garden buildings,more
Buy the ,Stereos,Ovens,Decorative Accessories,Living Room Chairs,Security Safes,Garden power tools,& more
You want buy,Car Audio,Mixers,Slipcovers,Living Room Sets,Voice Recorders,Garden tools & equipment,& more.
You're looking for,MP3 Players,Food Processors,Collectibles,Benches,Fax Machines,Hoses & watering,and more
This product item,Portable DVD,Refrigerators,Futon Covers,Bookshelves,Label Printers,Fencing & landscaping,
If you want buy,Clock Radios,Blenders,Ceiling Fans,Sectional Sofas,,"Plants, seeds & bulbs",
Pins about ,DJ Equipment,Microwaves,Mirrors,Futons,,"Feed, weed & lawn care",
You're a buy,Projectors,Ranges,Accent Pieces,Bean-Lounge Bags,,Pots & garden ornaments,
Check New Price,Video Players,Cooktops,Throw Pillows,Beds,,Wild bird,
Looking for ,Weather Instruments,Burners,Vases,Nightstands,,Garden furniture,
This product item,Air Conditioners,Slowcookers,Indoor Fireplaces,Bedside Tables,,BBQs,
,Air Purifiers,Dishwashers,Clocks,Bedroom Sets,,Pressure washers,
,Water Filters,Freezers,Photo Frames - Albums,Headboards,,Lawnmowers,
,Fans,Ice Machines,Silk Plants,Mattresses,,Sheds,
,Heaters,Juicers,Candles Holders,Armoires,,Garden storage,
,Vacuum Cleaners,Rice Cookers,Statues,Wardrobes,,Fencing & trellis,
,Steam Cleaners,Beverage Dispensers ,Sculptures,Bed Frames,,Greenhouses,
,Washers-Dryers,Coolers,Baskets,Air Beds,,Decorative stones,
,Irons,Waffle Makers,Bowls,Dining Sets,,Chippings,
,,Electric Tea Kettles,Seasonal Decor,Dining Chairs,,Pet Care,
,,Electric Grills,Decorative Screens,Dining Tables,,,
,,Fryers,Decorative Trunks,Buffets,,,
,,Espresso Machines,Tapestries,Bar Stools,,,
,,Wine Coolers,Door Mats,Bars,,,
,,Popcorn Poppers,Wreaths,Bar Tables,,,
,,,Indoor Fountains,Pub Sets,,,
,,,Message Boards,Desks,,,
,,,Ornaments,Office Storage,,,
,,,Swords,Office Chairs,,,
,,,,File Cabinets,,,
,,,,Tables,,,
,,,,Cribs,,,
,,,,Gliders,,,
,,,,Changing Tables,,,
,,,,Bassinets,,,
,,,,Cradles,,,
,,,,Laundry Accessories,,,
,,,,Hanging Racks,,,
,,,,Hangers,,,
,,,,Ironing Boards,,,
,,,,Storage Bins,,,
,,,,Containers,,,
,,,,Clothing Organizers,,,
,,,,Trash Cans,,,
,,,,Storage Boxes,,,
