SHOP,HOMEIMP1,HOMEIMP2,DECOR,FURNITURE1,FURNITURE2,POWERTOOLS,HANDTOOLS,CORDLESS,ELECTRONICS,APPLIANCES,ACCESSORIES,OFFICE,MORE
Shop for,Lighting,Backsplash Tiles,Area Rugs,Sofas,Cabinets,Saws,Tool Sets,Cordless Tool Sets,Televisions,Coffee Makers,Laundry Accessories,Office Supplies,more..
Shop,Hardware,Wall Tiles,Lighting,Loveseats,Kitchen Carts,Drills,Wrenches,Cordless Drills,Speakers,Specialty Appliances,Hanging Racks,Paper Shredders,and more.
Buy the latest,Fans,Floor Tiles,Window Treatments,Living Room Chairs,Pantry Racks,Power Tools,Hammers,Other Cordless Power Tools,Home Theater,Toasters,Hangers,Calculators,more
Buy the ,Sinks,Other Tiles,Decorative Accessories,Living Room Sets,Shelves,Welding,Screwdrivers,Batteries & Chargers,Stereos,Ovens,Ironing Boards,Security Safes,& more
You want buy,Faucet,Decorative Tiles,Slipcovers,Benches,Pot Racks,Power Tool Accessories,Cutting Tools,Cordless Tool Accessories,Car Audio,Mixers,Storage Bins,Voice Recorders,& more.
You're looking for,Utility Sinks,Ceiling Tiles,Collectibles,Bookshelves,Coffee Tables,Sanders,Electrical Hand Tools,Cordless Nailers,MP3 Players,Food Processors,Containers,Fax Machines,and more
This product item,Sink Accessories,Hardwood Flooring,Futon Covers,Sectional Sofas,Dining Sets,Polishers,Pliers,Cordless Sanders & Polishers,Portable DVD,Refrigerators,Clothing Organizers,Label Printers,
If you want buy,Bar Sinks,Tile,Ceiling Fans,Futons,Dining Chairs,Nailers,Hand Tool Accessories,Cordless Routers,Clock Radios,Blenders,Trash Cans,,
Pins about ,Drains,Stone,Mirrors,Bean-Lounge Bags,Dining Tables,Power Tool Sets,Clamps,,DJ Equipment,Microwaves,Storage Boxes,,
You're a buy,Strainers,Laminate Flooring,Accent Pieces,Beds,Buffets,Rotary Tools,Chisels,,Projectors,Ranges,Cabinet Hardware,,
Check New Price,Soap Dispensers,Carpeting,Throw Pillows,Nightstands,Bar Stools,Grinders,Paintbrushes,,Video Players,Cooktops,Door Hardware,,
Looking for ,Hot/Cold Water Dispensers,Cork Flooring,Vases,Bedside Tables,Bars,Planers,Rollers,,Weather Instruments,Burners,Other Hardware,,
This product item,Shower Kits,Vinyl Flooring,Indoor Fireplaces,Bedroom Sets,Bar Tables,Heat Guns,Hand Tools,,Air Conditioners,Slowcookers,Drawer Hardware,,
,Showerheads,Flooring Accessories,Clocks,Headboards,Pub Sets,Chainsaws,Tool Boxes,,Air Purifiers,Dishwashers,Mailboxes,,
,Massage Panels,Garage Flooring,Photo Frames - Albums,Mattresses,,,,,Water Filters,Freezers,Appliance Pulls,,
,,Bamboo Flooring,Silk Plants,Armoires,,,,,Fans,Ice Machines,Signs,,
,,Vents,Candles Holders,Wardrobes,,,,,Heaters,Juicers,Address Plaques,,
,,Wallpaper,Statues,Bed Frames,,,,,Vacuum Cleaners,Rice Cookers,,,
,,Wall Paneling,Sculptures,Air Beds,,,,,Steam Cleaners,Beverage Dispensers ,,,
,,Other Wall Coverings,Baskets,Desks,,,,,Washers-Dryers,Coolers,,,
,,Molding,Bowls,Office Storage,,,,,Irons,Waffle Makers,,,
,,Paint,Seasonal Decor,Office Chairs,,,,,,Electric Tea Kettles,,,
,,,Decorative Screens,File Cabinets,,,,,,Electric Grills,,,
,,,Decorative Trunks,Tables,,,,,,Fryers,,,
,,,Tapestries,Cribs,,,,,,Espresso Machines,,,
,,,Door Mats,Gliders,,,,,,Wine Coolers,,,
,,,Wreaths,Changing Tables,,,,,,Popcorn Poppers,,,
,,,Indoor Fountains,Bassinets,,,,,,,,,
,,,Message Boards,Cradles,,,,,,,,,
,,,Ornaments,,,,,,,,,,
,,,Swords,,,,,,,,,,
