SHOP,HOMEIMP,DECOR,FURNITURE,TOOLS,ELECTRONICS,APPLIANCES,HACCESSORIES,OFFICE,APPAREL,SHOE,ACCESSORIES,MORE
Shop for,Lighting,Area Rugs,Sofas,Saws,Televisions,Coffee Makers,Laundry Accessories,Office Supplies,Athletic Clothing,Athletic,Backpacks,more..
Shop,Hardware,Lighting,Loveseats,Drills,Speakers,Specialty Appliances,Hanging Racks,Paper Shredders,Clothing,Athletic-Inspired,Bags,and more.
Buy the latest,Fans,Window Treatments,Living Room Chairs,Power Tools,Home Theater,Toasters,Hangers,Calculators,Formalwear,Booties,Belts,more
Buy the ,Sinks,Decorative Accessories,Living Room Sets,Welding,Stereos,Ovens,Ironing Boards,Security Safes,Intimates,Boots,Bracelets,& more
You want buy,Faucet,Slipcovers,Benches,Power Tool Accessories,Car Audio,Mixers,Storage Bins,Voice Recorders,Jumpsuits,Flats,Earrings,& more.
You're looking for,Utility Sinks,Collectibles,Bookshelves,Sanders,MP3 Players,Food Processors,Containers,Fax Machines,Loungewear,Heels,Eyeglasses,and more
This product item,Sink Accessories,Futon Covers,Sectional Sofas,Polishers,Portable DVD,Refrigerators,Clothing Organizers,Label Printers,Outerwear,Loafers,Fashion Jewelry,
If you want buy,Bar Sinks,Ceiling Fans,Futons,Nailers,Clock Radios,Blenders,Trash Cans,,Pants,Slippers,Fine Jewelry,
Pins about ,Drains,Mirrors,Bean-Lounge Bags,Power Tool Sets,DJ Equipment,Microwaves,Storage Boxes,,Petites,Oxfords,Gloves,
You're a buy,Strainers,Accent Pieces,Beds,Rotary Tools,Projectors,Ranges,Cabinet Hardware,,Plus Size,Sandals,Handbags,
Check New Price,Soap Dispensers,Throw Pillows,Nightstands,Grinders,Video Players,Cooktops,Door Hardware,,Rompers,Shoes,Hats,
Looking for ,Hot/Cold Water Dispensers,Vases,Bedside Tables,Planers,Weather Instruments,Burners,Other Hardware,,Shorts,Slip-ons,Jewelry,
This product item,Shower Kits,Indoor Fireplaces,Bedroom Sets,Heat Guns,Air Conditioners,Slowcookers,Drawer Hardware,,Skirts,Specialty Shoes,Jewelry Sets,
,Showerheads,Clocks,Headboards,Chainsaws,Air Purifiers,Dishwashers,Mailboxes,,Suit Separates,Wedges,Laptop Cases,
,Massage Panels,Photo Frames - Albums,Mattresses,Tool Sets,Water Filters,Freezers,Appliance Pulls,,Suits,,Money Clips,
,Backsplash Tiles,Silk Plants,Armoires,Wrenches,Fans,Ice Machines,Signs,,Swim,,Necklaces,
,Wall Tiles,Candles Holders,Wardrobes,Hammers,Heaters,Juicers,Address Plaques,,Swimwear,,Rings,
,Floor Tiles,Statues,Bed Frames,Screwdrivers,Vacuum Cleaners,Rice Cookers,,,Underwear,,Scarves,
,Other Tiles,Sculptures,Air Beds,Cutting Tools,Steam Cleaners,Beverage Dispensers ,,,Dresses,,Sunglasses,
,Decorative Tiles,Baskets,Desks,Electrical Hand Tools,Washers-Dryers,Coolers,,,Jackets,,Ties,
,Ceiling Tiles,Bowls,Office Storage,Pliers,Irons,Waffle Makers,,,Blazers,,Wallets,
,Hardwood Flooring,Seasonal Decor,Office Chairs,Hand Tool Accessories,,Electric Tea Kettles,,,Hoodies,,Watches,
,Tile,Decorative Screens,File Cabinets,Clamps,,Electric Grills,,,Maternity,,Wraps,
,Stone,Decorative Trunks,Tables,Chisels,,Fryers,,,Shirts,,,
,Laminate Flooring,Tapestries,Cribs,Paintbrushes,,Espresso Machines,,,Tops,,,
,Carpeting,Door Mats,Gliders,Rollers,,Wine Coolers,,,Vests,,,
,Cork Flooring,Wreaths,Changing Tables,Hand Tools,,Popcorn Poppers,,,Sportcoats,,,
,Vinyl Flooring,Indoor Fountains,Bassinets,Tool Boxes,,,,,Sweaters,,,
,Flooring Accessories,Message Boards,Cradles,Cordless Tool Sets,,,,,,,,
,Garage Flooring,Ornaments,Cabinets,Cordless Drills,,,,,,,,
,Bamboo Flooring,Swords,Kitchen Carts,Other Cordless Power Tools,,,,,,,,
,Vents,,Pantry Racks,Batteries & Chargers,,,,,,,,
,Wallpaper,,Shelves,Cordless Tool Accessories,,,,,,,,
,Wall Paneling,,Pot Racks,Cordless Nailers,,,,,,,,
,Other Wall Coverings,,Coffee Tables,Cordless Sanders & Polishers,,,,,,,,
,Molding,,Dining Sets,Cordless Routers,,,,,,,,
,Paint,,Dining Chairs,,,,,,,,,
,,,Dining Tables,,,,,,,,,
,,,Buffets,,,,,,,,,
,,,Bar Stools,,,,,,,,,
,,,Bars,,,,,,,,,
,,,Bar Tables,,,,,,,,,
,,,Pub Sets,,,,,,,,,
