BUY,PREFIX,POSTFIX,MORE INFO1,MORE INFO2,GOTO,STORE,CTA,PREFIXSPAM,POSTFIXSPAM
Buy,Affordable for,affordable,additional info,additional info,Visit to,online store,Buy Now!,Affordable for,Fast & Easy shipping to you
Pay Less for,Are you looking for,bargain,additional reading,additional reading,Go to,online shop,Get Now,Available for,for Sale
Purchase ,Available for,bargain basement,additional resources,additional resources,,shopping store,Order Now,Best for,for Special Deal
Purchase for,Bundle for,bargain counter,all product details,all product details,,online shopping mall,Get it Now,Bundle for,for Special Deals
Save for,Check Price & Review,bargain price,browse this site,browse this site,,Shop,Get Now,Check Price & Low Prices,for Special Price
Save on,Compare,bargain prices,Check Prices & See More Detail,Check Prices & See More Detail,,Store,Go Now,Check Price & Review,on Sale
Shopping for,Explore,bargain pricing,click for more,click for more,,Save money shopping online,Shop Now,Compare,Onsale and Discount Price Today
Shop Online & Save for,Find,bargains,click for more info,click for more info,,online shopping,Shopping Now,Dealer for,Best Quality
,Find Deals on,budget deal,click here for more info,click here for more info,,,Available Now,Exclusive Deals on,affordable
,Get,budget deals,click here to find out more,click here to find out more,,,Let's Shop,Find,bargain
,Looking for,budget price,click to find out more,click to find out more,,,Sale Best Price Now,Find Deals on,bargain basement
,Looking to buy,budget prices,click to read more,click to read more,,,Do Not Wait,Get,bargain counter
,New for,budget pricing,Continue Reading,Continue Reading,,,,Great deals of,bargain price
,Offer,economical,continue reading this,continue reading this,,,,Hot deals on,bargain prices
,Offer for,economy,find more,find more,,,,Looking for,bargain pricing
,Recommend,Fast & Easy shipping to you,find more info,find more info,,,,Looking to buy,bargains
,Recommend for,moderate price,find more information,find more information,,,,New for,best deal
,Review,moderate prices,Get More Info,Get More Info,,,,Offer,best deals
,Select for,moderate pricing,Get More Information,Get More Information,,,,Offer for,best price
,Shopping store offer for,nominal price,look at more info,look at more info,,,,Recommend,best prices
,Best Reviews,nominal prices,more description,more description,,,,Recommend for,best pricing
,Buying,nominal pricing,more detail about products,more detail about products,,,,Review,budget
,Compare,popularly priced,More Info,More Info,,,,Sale,budget deal
,Comparisons of,reasonable,more information,more information,,,,Select for,budget deals
,Get a,reasonable price,more product details,more product details,,,,Top Deals on,budget price
,Guide to,reasonable prices,more product information,more product information,,,,Shopping store offer for,budget prices
,How do I get,reasonably priced,more products and information,more products and information,,,,Great Deals and Low Prices on,budget pricing
,What is the best price for,reduced,more special reviews,more special reviews,,,,Get Bargain Deals on,cheap
,Where can i buy,,Read More Here,Read More Here,,,,Explore,cheap deal
,Where can I buy,,read the full info here,read the full info here,,,,Are you looking for,cheap deals
,Where can you buy,,related product and information,related product and information,,,,Get special offer on,cheaper
,Where to buy,,you can find out more,you can find out more,,,,We find best price for,cheapest
,Where to find,,,,,,,Never Seen Low price on,cheapest price
,Where to shop for,,,,,,,Best deals online for,cheapest pricing
,Who sells,,,,,,,Holiday season shopping available for,cheapo
,,,,,,,,Best price online for,clearance
,,,,,,,,Special Price! For,clearance center
,,,,,,,,Best Deal on ,clearance centre
,,,,,,,,Buy,clearance outlet
,,,,,,,,Pay Less for,clearance sale
,,,,,,,,Purchase ,clearance sales
,,,,,,,,Purchase for,competitive
,,,,,,,,Save for,cut price
,,,,,,,,Save on,cut rate
,,,,,,,,Shopping for,deal
,,,,,,,,Shop Low Prices on,deals
,,,,,,,,Shop Online & Save for,dirt cheap
,,,,,,,,Best Reviews,discount
,,,,,,,,Buying,economical
,,,,,,,,Compare,economy
,,,,,,,,Comparisons of,good deal
,,,,,,,,Get a,good deals
,,,,,,,,Guide to,great deal
,,,,,,,,How do I get,great deals
,,,,,,,,What is the best price for,low cost
,,,,,,,,Where can i buy,low price
,,,,,,,,Where can I buy,low priced
,,,,,,,,Where can you buy,low prices
,,,,,,,,Where to buy,low pricing
,,,,,,,,Where to find,low rate
,,,,,,,,Where to shop for,low rates
,,,,,,,,Who sells,low tariff
,,,,,,,,,low tariffs
,,,,,,,,,lower cost
,,,,,,,,,lower price
,,,,,,,,,lower prices
,,,,,,,,,lower tariff
,,,,,,,,,lower tariffs
,,,,,,,,,lowest cost
,,,,,,,,,lowest price
,,,,,,,,,lowest price online
,,,,,,,,,lowest prices
,,,,,,,,,lowest prices online
,,,,,,,,,lowest pricing
,,,,,,,,,lowest pricing online
,,,,,,,,,lowest rate
,,,,,,,,,lowest rates
,,,,,,,,,lowest tariff
,,,,,,,,,lowest tariffs
,,,,,,,,,mark down
,,,,,,,,,mark downs
,,,,,,,,,marked down
,,,,,,,,,moderate price
,,,,,,,,,moderate prices
,,,,,,,,,moderate pricing
,,,,,,,,,nominal price
,,,,,,,,,nominal prices
,,,,,,,,,nominal pricing
,,,,,,,,,popularly priced
,,,,,,,,,reasonable
,,,,,,,,,reasonable price
,,,,,,,,,reasonable prices
,,,,,,,,,reasonably priced
,,,,,,,,,reduced
,,,,,,,,,slashed
,,,,,,,,,slashed prices
,,,,,,,,,thrifty
,,,,,,,,,best buy
